{
  "1": 2.972167,
  "2": 1.393208,
  "3": 6.083646,
  "4": 2.739958,
  "5": 8.452083,
  "6": 13.653333,
  "7": 14.628583,
  "8": 1.532521
}