{
  "1": 22.523375,
  "3": 15.325188,
  "4": 0.8,
  "5": 26.47075,
  "6": 27.120917,
  "7": 60.139688,
  "8": 31.346958,
  "9": 29.489354,
  "10": 9.427313,
  "11": 26.888708,
  "12": 25.681271,
  "13": 57.539063,
  "14": 33.297417,
  "15": 39.659688,
  "16": 23.127083,
  "17": 33.343875,
  "18": 35.155021,
  "19": 29.535792,
  "20": 36.641104,
  "21": 44.071479,
  "22": 38.127167,
  "23": 18.158021,
  "24": 41.563729,
  "26": 68.080917,
  "27": 35.062146,
  "29": 3.529438,
  "30": 16.764813
}
