{
  "1": 2.368438,
  "2": 20.851521,
  "3": 15.325188,
  "4": 0.8,
  "5": 26.795833,
  "6": 29.721563,
  "7": 66.780604,
  "8": 43.235563,
  "9": 33.343875,
  "10": 9.427313,
  "11": 26.888708,
  "12": 25.681271,
  "13": 59.721729,
  "14": 33.297417,
  "15": 39.659688,
  "16": 23.127083,
  "17": 36.362458,
  "18": 43.421333,
  "19": 42.538958,
  "20": 36.641104,
  "21": 45.604,
  "22": 38.127167,
  "23": 18.158021,
  "24": 49.876479,
  "25": 24.148771,
  "26": 39.706125,
  "27": 45.046729,
  "28": 38.545125,
  "29": 6.315833,
  "30": 16.764813
}