{
  "1": 14.628583,
  "2": 8.0,
  "3": 27.213792,
  "4": 30.371708,
  "5": 24.520292,
  "6": 19.086813,
  "7": 39.4275,
  "8": 64.412167,
  "9": 29.303583,
  "10": 37.151938,
  "11": 33.576063,
  "12": 34.179792,
  "13": 54.752667,
  "14": 11.702875,
  "15": 27.399563,
  "16": 20.340688,
  "17": 6.0,
  "18": 5.108396
}